A haka kamar bazai aikata ba,-1
Abunda ya faru tun last week,-1
Acigaba da Alwala dakuma Sallah. Sannan aroki Allah daya karemu...!,1
Ahaps tsakaninsu ne,1
Ai budai mun shiga goma a Nigeria amma gaskiya gwamnati bata abin da yadace ko kadan domin ana bukatar 'y…,-1
Ai matukar akace jahili zai shugabance ka to ka rinks ganin aikin jahilci.,-1
Allah gafartamasa,1
Allah jikansu,1
Allah jiqan su da ramah. Allah wadanda suka yi wannan aiki Allah ka watsa lamuran Allah ya tsine mu Allah ka walqanta su.,-1
Allah kakawomuna saukin wan nan Abu,1
Allah kakubutar daita lafiya,1
Allah kayi mana sauki wannan masifa a duk kasashen Africa ta yamma,-1
Allah kayi muna maganin su.,1
Allah Sarki Baba mai sabbin shika-shikai Allah ya bada ikon cika su,1
Allah shi kyauta amma kasan nan ta lalace,1
"Allah shi kyauta, gaskiya bansam ma me gwamnatoci keyi ba. Ya zaayi ana tatuke dan abin da mutum ya tara…",-1
Allah tsine masu albarka suda masu saka su,-1
Allah ubangiji yayiwa wadanda suka rasu rahama,0
Allah wadai,-1
Allah y kiyaye,1
Allah ya bayyana ta,1
"Allah ya bayyana ta, su Kuma Allah yayi Mana maganin su",1
Allah ya bayyana ta.,1
Allah ya bayyanata a duk inda take cikin koshin lfy,-1
Allah ya gafarta masa,1
Allah ya gafarta masa yai masa rahama.,1
Allah ya gafarta mishi,1
Allah ya isa tsakaninmu da duk wanda yake da sa hannu wajen wayannan fitin tunu Allah yasaka mana.,1
Allah Ya isarmana da wannan karerayin da ake mana.,-1
Allah Ya jikan Majidadi.,1
Allah ya jikansa,1
Allah ya jikansa d gafara allah ya mutuwar sa tazama alkhairi,-1
Allah ya jikansa da rahama,1
Allah ya jikansa da rahma,1
Allah ya jiqansa da rahama,1
allah ya kaouta allah kawo saouki,-1
Allah ya kara Girma,0
Allah ya kara kare kasa ta Nigeria,-1
Allah ya Kara karemu,0
Allah ya kara kiyaye nagaba,1
Allah ya kara tsaremu,1
Allah ya kare haba Amma masu 'K' ku ganeh,1
Allah ya kauta,0
ALLAH ya kawaomana dauki ALLAH ALLAH karkaba shuwa gabbinninmu damar sake kullemu amin domin wallahi inda…,-1
Allah ya kawomuna dauki kasata Nigeria,1
Allah ya kiyaye bih ja'i sayyadul anam,1
Allah ya kiyaye mu,1
ALLAH ya kubutar dadu chikin amin cinsa,-1
Allah ya kyauta,1
"Allah ya kyauta, tabbas ya kamata gwamnati ta ƙara zage damtse domin murƙushe ta'addanci a ƙasar nan.",1
Allah ya Mai da alkhairi,1
Allah ya Raba mu da sharrin yahudawa.,1
Allah ya sa. Amin,1
Allah ya saka masu,1
Allah ya sawake,-1
Allah ya shirya,0
Allah ya shirya...,-1
"Allah ya tabbatar, muna fatan hakan",0
"Allah ya Toni asirin su Ameen, tunda rashin imani ne agaban su tsinanu matsiyata yan buro uba sai kissan…",-1
Allah ya Toni asirinsu amin ma haukata kawai,-1
Allah ya tsare ta ya bayyana ta,1
"Allah ya tsare,an rasa jagorori na gsky jajirtattu a kasar nan,wlh yan Nigeria bamuyi saar shugabanni b",-1
Allah yai wadaran Naka Ya lalace,-1
Allah yajikansa,1
Allah yajikansa da rahama,1
Allah yajikansa yasa aljannace makomarsa ameen Mukuma idan tamu tazo Allah yasa mucika da imani ameen,1
Allah Yajikansa Yasashi a cikin shahidan annu'uba,1
Allah Yakara tsaremu ya tsare imanin mu.,1
Allah yakawomana karshansu,1
Allah yakorata,1
Allah yakubutar da ita,1
Allah yaqara tsaremu daga sharrinsu,1
"Allah yasa,domin kuwa idan hakan tadamu bakaramar nasara bace ga al'ummar jahar kano gaba daya",-1
Allah yayi mai rahama,1
Allah yayi mana jagoranci,1
"Allahu Akabar, Allah ya jikan sa da rahama",1
"Allahu Akbar ,Allah ya gafarta masa",1
Allahu ya gafarta masa.,1
Alllah ya kiyaye afkuwar hakan a gaba,-1
"Ameen , Allah ya bar zumunchi",-1
Amma abun tambayan anan shene da jaririn Suka sace ta ko ita daya Suka sace,-1
Amma ban san Mo salah sha uku ba ne sai yau.,-1
Amma ina jaririn ???,-1
Amma kuma yana ikrari shi musulmi ne ko,1
An bada muu!,-1
Anya Muhammad sallah musulmi ne,1
Ashe da ragowar Hankalinsa,-1
Ayya Allah ya gafarta masa.,1
"Baba ganduje bakagaba, Allah ya kara imani",-1
Babu Abinda nidae zance Anan. saidae Nace Allah Ya saka musu,-1
Bai kyauta ba,-1
Barawo a hannun mata,-1
Basa kawo return da'alama,-1
Batsa ne wannan????? Karka Bari in sauke maka haushina kanaji ko,-1
BBC Allah ya shirya mana ku dai kam,-1
"BBC Hausa, bamu ce kada ku kawo mana labaran shirin yarjejeniyar cinikayya tsakanin EU da Birtaniya ba, a…",-1
Daga baya kenan,-1
Daga ji kasan mutanen daura ne sune basa son suga 'yan najeriya sun koshi,-1
"Damashi wann governor din namu dan abiyarima asha kidane, bashida ra’ayin kansa",-1
Dan Allah gwabnati taqara kokari akan Layin tsaro,1
Dan hukumimi kare haddira yakamata Susa Ido Kan Titinuna sabida mutane basa tafiya akan duka abun yafada yawa,-1
Dottijo mai dottako kenan. Allah kara daukaka Baba Ganduje.,0
Ehhh,-1
Gaskiya hakan bai kamataba wllh A matsayinsa Na musulmi,-1
Gaskiya ne wannan,1
Gaskiya wannan rainin hankalin ya fara yawa. Wato duk wani abu da aka ga arewa tana samun tagomashi ta da…,-1
Gaskiyar magana ina mamakin wannan kalmar dayawa yawan mutane suke amfani da ita wajan nemawa wada…,0
"Hahhhhhhh,,,,,, gaskiya ne,,,,,, Anman fah in aka fika kudi koh yaya ne se an fikajin dadi",-1
Haka ake so,-1
Haka yake,0
Hakana danfaari,-1
Hancin uwassa,-1
Haryau Kunqi kugane inda Matsalar Take. Bazamu Taba Fita Daga Halinda Muke Cikiba Harasai Mun Koma Ga Allah Madaukakin Sarki,-1
Hasbunallah.!!!,1
Hasbunallahu,1
Hasbunallahu wani'imal wakeel Allah ya kawowa al'umma ɗauki,1
Hasbunallahu waniimal wakil,1
Hausa2EngMainT,-1
Hhhh kuma tsirenma yafi dadi ai,-1
Him abin kunya,-1
Hmm,-1
Hmm kai a dauri kashi ko a bata igiya,-1
Hmm. Allah ya kyauta,1
Hmmm,-1
Hmmm Nigeria Kasar Mu ta Gado Daga Tijjani mai doya na siyama Dorayi Karshen waya Kano Nigeria,-1
Hmmm to ai sai ka koya mata yanda ake idan dai daman bada niyyan kara auren kake ba,-1
hmmmm Allah ya kyauta dai,1
Idan anfimu cin kilishi zamu fi mutum cin YALO,-1
Ifb,-1
In kuka chi tsire mu kuma muchi gyada amaro sae mu hadu gurin shan ruwa,-1
"Ina ga wannan ""gyanbo"" kenan.",-1
Innalilahi wainnailaihir Allah ka jikan wadanda suka rigamu . A daina sa siyasa a maganar tsaro in ba hak…,-1
"Innalillahi wa inna ilaihirraji,un",1
Innalillahi wa innailaihi rajiun. Wannan kasar tamu tazama abinda tazama . Allah ubangiji ya kara kiyaye mu,1
Innalillahi wa'inna ilaihi raji'un,1
"Innalillahi wa'inna ilaihi raji'un, Allah ya kawo mana zaman lafiya a kasar nan tamu.",1
"Innalillahi wa'inna ilaihi raji'un, Allah ya kyauta gaba, amma abu bai yi daɗiba, ina mai miƙa saƙon ta'a…",1
"Innalillahi wa'inna ilaihi raji'un, ya Allah ya kubutar da ita cikin aminci, domin darajar Mustapha Rasulillahi. S.A.W",1
Innalillahi wa'inna ilaihi raji'un. Allah ya kawo mana karshen wannan balla'i yanzu baryi suna kona abinc…,1
Innalillahi wa'inna ilaihi raju'un,1
Innalillahi wa'inna ilaihi raju'un Alh Basiru Allah ya kiyaye ya baiyana maka matarka ya kiyaye gaba,1
Innalillahi wa'inna ilaihi raju'un Duniya zancen banza. Allah ka zaunar da Kasarnan Lafiya.,1
Innalillahi Wa'inna Ilaihirraji un May the Almighty Allah Forgive nd b Merciful to him From tijjani mai doya na siyama,1
Innalillahi wainnailaishi raju'un,1
Insha Allah,1
Islamist Buhari 🤭,1
Iyehhhh,-1
Kai mudai mun fara gajiya da irin wadannan maganganun na bahari kana magana kamar mai cika alkawari,-1
"Kai wannan zamani Allah k kara karemu, waisu wannan yan bindigan bazaa basu aiki bane ahuta dajin wannan tashin hankali",-1
Kai! Wannan lamari da takaici yake! Allah ya saka,-1
Kaico tir,-1
Kaji Bakin ciki Allah ya isa,-1
Kaji hauka,-1
Kaji wata bura uba,-1
Kajifa 🤔 🤔 🤔,1
Karya ne,-1
Karyar banza,-1
Kash,-1
"Kayi magana munafukai ace maka dan adawa Nayi nan Allah ya jikan en uwanmu dasuka rasa ransu, yamaidawa…",-1
Kifewar da jirgin ruwa yayi a kasar BAHAR muna musu Adu'ar Allah yaji kan wadanda suka rasa ransu.,-1
"Ko ba tsaron yan nigeria ba..! Za kayi bayani ne, ranar da za'a sauko da rana dedai saman kanka.",-1
Ko fara ba,-1
Ko muchi Fara ba,-1
"Kowa yafika chin nama, kai kuma ka fishi chin gyada kafishi mai dan nema",-1
Ku sai yanzu ku ke sawa news,-1
"Kuma har abada babu Wanda zai bamu wata kariya, duk karya suke Wallahi",-1
Kuna kokari bbc,-1
kutumar uba Wlh ta karewa yan bindiga innan,-1
Kutumar ubanku bbchausa munafukai da ku da wanda yasake fadan haka duk abinku sai munkoma makaranta in sh…,-1
Kwal ubaaa,-1
Kwaraee,-1
Labari Ne Wannan Ba Yau Kuka Saba Faɗa Ba,1
Lokacin uban kowa ma ya mutu ya koma ga Allah ba. Aikin banza aikin wofi. Allah ka tsare mu…,-1
"Mai gidansa ne ai, Ina laifi",-1
Mai jego kuma,-1
Mai yasa ba aku dena wahalar da masu karatu ba. Why not Fasto (pastor) instead of Malamai Addinin Kirista.,-1
makaryatan banza makaryatan hofi,-1
Makaryatan banza. wai ku yan BBC Hausa bakuda abin posting Nee🤬..!,0
Masha Allah,1
Mtswwwww andai ji kunya matsayinsa na Muslimi an fado babu nauyi,-1
Mu ai musan kawai dannan wannan nombobin dadi gareshi shi yasa kaga yau an saka ko kuma kokuma…,-1
"Muna godiya Salah, Allah Mayar da alheri. Da duniyar nan ta cika da irin ku, zai iya yiwuwa a zauna lafiya",1
Mundai Ji,-1
Mutuwa wasa ne.,-1
Naja da baya na bada tazara na tawo da gudu nayi wuuuuuf da.....,-1
Naji,0
Namijii ena yiinka🤣🤣over wollah,1
"Nayi Allah wadae da abin da Mo. Salah ya aikata, Allah ya Kyauta",1
Ni bance babu cutar korona ba a ƙasata Najeriya amma batu na gaskiya shine akwai ƙarin gishiri da akeyi g…,1
Ni kuma karya na fada ko? Inbaka fahimce magana ba kadena saka baki,-1
Nigeria allah kamana jagora,1
O Allah,1
Ohhh,-1
Okay ina Benue amma yaya banji wannan labarin ba.?,-1
Okie akwai lauje cikin Nadi a harkar nan Amma dai Allah ya kiyaye gaba,-1
Pls A Turo Mana Hoton Koda Mutane Arba'in Din Saman,-1
Rashin tsatone kawai yake Damin mu wallahi to allah ya kyauta,-1
Rip,-1
Sai akayi yaya tow???,-1
Sai asuu ta gama jegon ta,-1
Sai mai Gaskiya,1
Sai me suka yi wa parliamentarian?,-1
Sai tsoho,0
Salsa rock,0
Saraki gatan Jam'iya yanda kuka dama haka za asha,-1
Shegu munafukai.,-1
"shegun banza yan kwangila, Allah tsinewa masu mulkin saudi arabia albarka, yahudawa kawai",-1
Subahanallah,1
Subahanallah Allah ya kawoman saukin wanna masifa,-1
Subahanallah Allah ya kyauta,1
"Sub'hana lillahi! Gsky naijeria Sai fa an sake lale, ba a haka za'a cigaba da tafiya ba!",-1
subhanallah,1
Subhanallah babu ma dadin ji baiwar Allah ga wahalhalun haihu ga wannan kaddarar shuwagabanninmu kuji tso…,-1
"Subhanallah. Ya Allah Ya Rabbi, Allah ka kawo mamu karshen wannan fitina. Allah mun tuba ba don halinmu ba.",0
Subhanallahi allah ya kiyaye allah kuma ya tona musu asiri,1
Subhnallah,1
Summa ameen 🤲,1
"Sunji tsoro kenan, to shi dan majalisan daya fadi haka shima saiya tuba kenan ko",-1
Taf! Sai mukula,0
Tau ALLAH shi sauwaka,1
Tayaya?,1
Tirrt wlh dan wahala,-1
To Abun yakoma kan Masu jego,1
To Allah ya sauwakee,1
"To kundai gani masoya salah sai ku bi a hankali domin kuwa shima yana taya kafurai murnar cewa ukku ne, A…",-1
To mudae gamu ga Allah barawo ahannun...?,-1
To sai kuma akayi yaya,0
"To, Allah ya kawo Mana saukin wanna lamari.",-1
"Tofa allah y kiyaye y bayyana shi d sauran jamaa baki daya,",-1
Toh !,-1
Toh Allah ya bayyanasu yakuma shiga tsakanin nagari da mugu.,1
Toh Allah ya kyauta,1
Toh mijin suwaye kuma,-1
"Toh mu dai ƙasashenmu na Afirka gamu ga Allah, amma batu na gaskiya da ace wannan cuta tana halaka jama'a…",1
Toh munahikai,1
Toh tarace kawai Akebuka ta bako maiba,-1
Tohm yy hk ake so,-1
Tokuwa idanhakane yabar dayan rukunin imanin sa,-1
Too Allah ya kyauta,1
Topah iii,1
Tsiren ma seyafi kaiwa,1
wai me matsalan Herdsmen dinnan oho,-1
Wai mu zaa raina,-1
"Wanan abun yafi karfin hukuma kuma muma yafi karfun mu, addu'a ita kadai ce zata mana maganin wanan abun…",-1
Wannan haka yake,-1
Wannan kuma ai matsalar kuci🤷 Allah dai ya fiku wllh,1
"Wannan maganar Gaskiya ce BaBa Allah, ya qara lfy",-1
Wannan Musiba ina zarpta kaimu ? Allah tsare mu.,1
Wata sabuwa kuma 🤦🤦,1
Wato jigawa da kano su ka sa wa ido yanzu kuma?.Ya Allah ka tsare mu da ga wanan masifan.,1
"Waye ma ya isa,,,, nama dai ai nama neh",-1
Waye ya tambayeku,1
Wlh kuwa,-1
Ya Allah kakawomana karshen wannan rashin kwanciyar hanakalin,-1
Ya Allah ya Gina's a rahama,0
Ya baku lissafa dani ba,-1
Ya ilahi‍️,1
Ya kamata a wanan lokachi na hidiman christmas gwamnati ta yi kokari ta tsare malaman christoc…,1
"Ya kamata Gwamnati ta kula da shidimar tsaron nan, domin abin ya wuce gona da iri, ganin yadda ake kashe Dan adam kamar kwadi",-1
Ya kamata mu farka da bacci tun muke yiba gwanda su gowon ba,-1
Ya kyauta,1
"Ya kyauta matuƙa, domin kuwa haka akeson mutum kada ya kudkura ya sake zafin adawan siyasa yakaishi ga halaka.",1
Ya kyauta ya burge ni,1
"Ya kyauta, Dama da alama ganduje ya danfi saukin kai",1
Ya kyauta.,1
Ya ne wai ko so ake mukoma Niger ne,-1
Ya Subhanallah,1
Yabani mamaki,1
Yakamata in motsa kenan ko amin thaks,-1
Yau dokar bata aiki ai ko hutun gwamnatin tarayya banda mu ?,-1
Yayi kokarii,-1
You ai dama maganar banzace amma idan ana neman waɗanda wawushe lalitan Najeriya ai duk mun sansu abin ba'a ɓoye yake ba.,1
Yp,1
zuwa zaiyi,-1
